MALE,FEMALE,UNISEX
Chekov,Aeryn,Ashcroft
Chris Benoit,Aisha,Belmont
Crichton,Clara,Campbell
Doug Walker,Claudia,Cornette
Frank,Daphne,Dax
Franklin,Dawn,Mikazuki
Garibaldi,Deirdre,O’Brien
Guster,Estefania,Scout
Kirk,Ezri,Sheridan
Lassiter,Felicia,Sinclair
Leonard,Gwen,Stark
Lex,Handler,Steiner
Londo,Heather,Sun
Lyle,Josephine,Weston
Max,Kira,
Moe Haddo,Lara,
Muscle Man,Luna,
O’Hogan,Lyta,
Oakley,Mira,
Paul,Natalya,
Richter,Nyx,
Ross,Octavia,
Rygel,Rachel,
Ryu,Reiko,
Sam Hyde,Sharla,
Silas,Shy Metta,
Spencer,Starla,
Spock,Stella,
Sulu,Tessa,
Terry Davis,Uhura,
Vinny,Winona,
Zack,Zoey,
